Players,Team,Type,Base,Sold
Virat Kohli,RCB,BAT,-,21
Rajat Patidar,RCB,BAT,-,11
Yash Dayal,RCB,BOWL,-,5
Jasprit Bumrah,MI,BOWL,-,18
Suryakumar Yadav,MI,BAT,-,16.35
Hardik Pandya,MI,AR,-,16.35
Rohit Sharma,MI,BAT,-,16.3
Tilak Varma,MI,AR,-,8
Heinrich Klaasen,SRH,BAT,-,23
Pat Cummins,SRH,AR,-,18
Abhishek Sharma,SRH,AR,-,14
Travis Head,SRH,BAT,-,14
Nitish Kumar Reddy,SRH,AR,-,6
Ruturaj Gaikwad,CSK,BAT,-,18
Ravindra Jadeja,CSK,AR,-,18
Matheesha Pathirana,CSK,BOWL,-,13
Shivam Dube,CSK,AR,-,12
MS Dhoni,CSK,BAT,-,4
Axar Patel,DC,AR,-,16.5
Kuldeep Yadav,DC,BOWL,-,13.25
Tristan Stubbs,DC,BAT,-,10
Abishek Porel,DC,BAT,-,4
Rinku Singh,KKR,BAT,-,13
Varun Chakravarthy,KKR,AR,-,12
Sunil Narine,KKR,BOWL,-,12
Andre Russell,KKR,AR,-,12
Harshit Rana,KKR,BOWL,-,4
Ramandeep Singh,KKR,AR,-,4
Sanju Samson,RR,BAT,-,18
Yashasvi Jaiswal,RR,AR,-,18
Riyan Parag,RR,AR,-,14
Dhruv Jurel,RR,BAT,-,14
Shimron Hetmyer,RR,BAT,-,11
Sandeep Sharma,RR,BOWL,-,4
Rashid Khan,GT,BOWL,-,18
Shubman Gill,GT,BAT,-,16.5
Sai Sudharsan,GT,AR,-,8.5
Rahul Tewatia,GT,AR,-,4
M Shahrukh Khan,GT,AR,-,4
Nicholas Pooran,LSG,BAT,-,21
Ravi Bishnoi,LSG,BOWL,-,11
Mayank Yadav,LSG,BOWL,-,11
Mohsin Khan,LSG,BOWL,-,4
Ayush Badoni,LSG,AR,-,4
Shashank Singh,PBKS,AR,-,5.5
Prabhsimran Singh,PBKS,BAT,-,4
Jos Buttler,GT,BAT,2,15.75
Shreyas Iyer,PBKS,BAT,2,26.75
Rishabh Pant,LSG,BAT,2,27
Kagiso Rabada,GT,BOWL,2,10.75
Arshdeep Singh,PBKS,BOWL,2,18
Mitchell Starc,DC,BOWL,2,11.75
Yuzvendra Chahal,PBKS,BOWL,2,18
Liam Livingstone,RCB,AR,2,8.75
David Miller,LSG,BAT,1.5,7.5
KL Rahul,DC,BAT,2,14
Mohammed Shami,SRH,BOWL,2,10
Mohammed Siraj,GT,BOWL,2,12.25
Harry Brook,DC,BAT,2,6.25
Devon Conway,CSK,BAT,2,6.25
Jake Fraser-McGurk,DC,BAT,2,9
Aiden Markram,LSG,BAT,2,2
Devdutt Padikkal,RCB,BAT,2,2
Rahul Tripathi,CSK,BAT,0.75,3.4
David Warner,-,BAT,2,Unsold
Ravichandran Ashwin,CSK,AR,2,9.75
Venkatesh Iyer,KKR,AR,2,23.75
Mitchell Marsh,LSG,AR,2,3.4
Glenn Maxwell,PBKS,AR,2,4.2
Harshal Patel,SRH,AR,2,8
Rachin Ravindra,CSK,AR,1.5,4
Marcus Stoinis,PBKS,AR,2,11
Jonny Bairstow,-,BAT,2,Unsold
Quinton de Kock,KKR,BAT,2,3.6
Rahmanullah Gurbaz,KKR,BAT,2,2
Ishan Kishan,SRH,BAT,2,11.25
Phil Salt,RCB,BAT,2,11.5
Jitesh Sharma,RCB,BAT,1,11
Khaleel Ahmed,CSK,BOWL,2,4.8
Trent Boult,MI,BOWL,2,12.5
Josh Hazlewood,RCB,BOWL,2,12.5
Avesh Khan,LSG,BOWL,2,9.75
Prasidh Krishna,GT,BOWL,2,9.5
T Natarajan,DC,BOWL,2,10.75
Anrich Nortje,KKR,BOWL,2,6.5
Noor Ahmad,CSK,BOWL,2,10
Rahul Chahar,SRH,BOWL,1,3.2
Wanindu Hasaranga,RR,BOWL,2,5.25
Waqar Salamkheil,-,BOWL,0.75,Unsold
Maheesh Theekshana,RR,BOWL,2,4.4
Adam Zampa,SRH,BOWL,2,2.4
Yash Dhull,-,BAT,0.3,Unsold
Abhinav Manohar,SRH,BAT,0.3,3.2
Karun Nair,DC,BAT,0.3,0.5
Angkrish Raghuvanshi,KKR,BAT,0.3,3
Anmolpreet Singh,-,BAT,0.3,Unsold
Atharva Taide,SRH,BAT,0.3,0.3
Nehal Wadhera,PBKS,BAT,0.3,4.2
Harpreet Brar,PBKS,AR,0.3,1.5
Naman Dhir,MI,AR,0.3,5.25
Mahipal Lomror,GT,AR,0.5,1.7
Sameer Rizvi,DC,AR,0.3,0.95
Abdul Samad,LSG,AR,0.3,4.2
Vijay Shankar,CSK,AR,0.3,1.2
Ashutosh Sharma,DC,AR,0.3,3.8
Nishant Sindhu,GT,AR,0.3,0.3
Utkarsh Singh,-,AR,0.3,Unsold
Aryan Juyal,LSG,BAT,0.3,0.3
Kumar Kushagra,GT,BAT,0.3,0.65
Robin Minz,MI,BAT,0.3,0.65
Anuj Rawat,GT,BAT,0.3,0.3
Luvnith Sisodia,KKR,BAT,0.3,0.3
Vishnu Vinod,PBKS,BAT,0.3,0.95
Upendra Yadav,-,BAT,0.3,Unsold
Vaibhav Arora,KKR,BOWL,0.3,1.8
Rasikh Salam,RCB,BOWL,0.3,6
Akash Madhwal,RR,BOWL,0.3,1.2
Mohit Sharma,DC,BOWL,0.5,2.2
Simarjeet Singh,SRH,BOWL,0.3,1.5
Yash Thakur,PBKS,BOWL,0.4,1.6
Kartik Tyagi,-,BOWL,0.3,Unsold
Vijaykumar Vyshak,PBKS,BOWL,0.3,1.8
Piyush Chawla,-,BOWL,0.5,Unsold
Shreyas Gopal,CSK,BOWL,0.3,0.3
Mayank Markande,KKR,BOWL,0.3,0.3
Suyash Sharma,RCB,BOWL,0.3,2.6
Karn Sharma,MI,BOWL,0.5,0.5
Kumar Kartikeya,RR,BOWL,0.3,0.3
Manav Suthar,GT,BOWL,0.3,0.3
Mayank Agarawal,-,BAT,1,Unsold
Faf du Plessis,DC,BAT,2,2
Glenn Phillips,GT,BAT,2,2
Rovman Powell,KKR,BAT,1.5,1.5
Ajinkya Rahane,KKR,BAT,1.5,1.5
Prithvi Shaw,-,BAT,0.75,Unsold
Kane Williamson,-,BAT,2,Unsold
Sam Curran,CSK,AR,2,2.4
Marco Jansen,PBKS,AR,1.25,7
Daryl Mitchell,-,AR,2,Unsold
Krunal Pandya,RCB,AR,2,5.75
Nitish Rana,RR,AR,1.5,4.2
Washington Sundar,GT,AR,2,3.2
Shardul Thakur,-,AR,2,Unsold
Srikar Bharat,-,BAT,0.75,Unsold
Alex Carey,-,BAT,1,Unsold
Donovan Ferreira,DC,BAT,0.75,0.75
Shai Hope,-,BAT,1.25,Unsold
Josh Inglis,PBKS,BAT,2,2.6
Ryan Rickelton,MI,BAT,1,1
Deepak Chahar,MI,BOWL,2,9.25
Gerald Coetzee,GT,BOWL,1.25,2.4
Akash Deep,LSG,BOWL,1,8
Tushar Deshpande,RR,BOWL,1,6.5
Lockie Ferguson,PBKS,BOWL,2,2
Bhuvneshwar Kumar,RCB,BOWL,2,10.75
Mukesh Kumar,DC,BOWL,2,8
AM Ghazanfar,MI,BOWL,0.75,4.8
Akeal Hosein,-,BOWL,1.5,Unsold
Keshav Maharaj,-,BOWL,0.75,Unsold
Mujeeb Ur Rahman,-,BOWL,2,Unsold
Adil Rashid,-,BOWL,2,Unsold
Vijayakanth Viyaskanth,-,BOWL,0.75,Unsold
Ricky Bhui,-,BAT,0.3,TBA
Swastik Chikara,RCB,BAT,0.3,0.3
Aarya Desai,-,BAT,0.3,TBA
Shubham Dubey,RR,BAT,0.3,0.8
Madhav Kaushik,-,BAT,0.3,Unsold
Pukhraj Mann,-,BAT,0.3,Unsold
Shaik Rasheed,CSK,BAT,0.3,0.3
Himmat Singh,LSG,BAT,0.3,0.3
Mayank Dagar,-,AR,0.3,Unsold
Anshul Kamboj,CSK,AR,0.3,3.4
Arshad Khan,GT,AR,0.3,1.3
Darshan Nalkande,DC,AR,0.3,0.3
Suyash Prabhudessai,-,AR,0.3,TBA
Anukul Roy,KKR,AR,0.3,0.4
Swapnil Singh,RCB,AR,0.3,0.5
Sanvir Singh,-,AR,0.3,TBA
Aravelly Avanish,-,BAT,0.3,Unsold
Vansh Bedi,CSK,BAT,0.3,0.55
Saurav Chauhan,-,BAT,0.3,TBA
Harvik Desai,-,BAT,0.3,Unsold
Tom Kohler-Cadmore,-,BAT,0.5,TBA
Kunal Singh Rathore,RR,BAT,0.3,0.3
BR Sharath,-,BAT,0.3,TBA
Gurnoor Brar,GT,BOWL,0.3,1.3
Mukesh Choudhary,CSK,BOWL,0.3,0.3
Sakib Hussain,-,BOWL,0.3,Unsold
Vidwath Kaverappa,-,BOWL,0.3,Unsold
Rajan Kumar,-,BOWL,0.3,Unsold
Sushant Mishra,-,BOWL,0.3,TBA
Arjun Tendulkar,MI,BOWL,0.3,0.3
Zeeshan Ansari,SRH,BOWL,0.3,0.4
Prince Choudhary,-,BOWL,0.3,Unsold
Himanshu Sharma,-,BOWL,0.3,TBA
Manimaran Siddharth,LSG,BOWL,0.3,0.75
Digvesh Singh,LSG,BOWL,0.3,0.3
Prashant Solanki,-,BOWL,0.3,Unsold
Jhathavedh Subramanyan,-,BOWL,0.3,Unsold
Finn Allen,-,BAT,2,Unsold
Dewald Brevis,-,BAT,0.75,Unsold
Ben Duckett,-,BAT,2,Unsold
Manish Pandey,KKR,BAT,0.75,0.75
Rilee Rossouw,-,BAT,2,TBA
Sherfane Rutherford,GT,BAT,1.5,2.6
Ashton Turner,-,BAT,1,TBA
James Vince,-,BAT,2,TBA
Shahbaz Ahmed,LSG,AR,1,2.4
Moeen Ali,KKR,AR,2,2
Tim David,RCB,AR,2,3
Deepak Hooda,CSK,AR,0.75,1.7
Will Jacks,MI,AR,2,5.25
Azmatullah Omarzai,PBKS,AR,1.5,2.4
Sai Kishore,GT,AR,0.75,2
Romario Shepherd,RCB,AR,1.5,1.5
Tom Banton,-,BAT,2,TBA
Sam Billings,-,BAT,1.5,TBA
Jordan Cox,-,BAT,1.25,TBA
Ben McDermott,-,BAT,0.75,TBA
Kusal Mendis,-,BAT,0.75,TBA
Kusal Perera,-,BAT,0.75,TBA
Josh Philippe,-,BAT,0.75,Unsold
Tim Seifert,-,BAT,1.25,TBA
Nandre Burger,-,BOWL,1.25,TBA
Spencer Johnson,KKR,BOWL,2,2.8
Umran Malik,KKR,BOWL,0.75,0.75
Mustafizur Rahman,-,BOWL,2,Unsold
Ishant Sharma,GT,BOWL,0.75,0.75
Nuwan Thushara,RCB,BOWL,0.75,1.6
Naveen-ul-Haq,-,BOWL,2,Unsold
Jaydev Unadkat,SRH,BOWL,1,1
Umesh Yadav,-,BOWL,2,Unsold
Rishad Hossain,-,BOWL,0.75,Unsold
Zahir Khan,-,BOWL,0.75,TBA
Nqabayomzi Peter,-,BOWL,0.75,TBA
Tanveer Sangha,-,BOWL,0.75,TBA
Tabraiz Shamsi,-,BOWL,2,TBA
Jeffrey Vandersay,-,BOWL,0.75,TBA
Sachin Baby,SRH,BAT,0.3,0.3
Priyam Garg,-,BAT,0.3,TBA
Harnoor Singh,PBKS,BAT,0.3,0.3
R Smaran,-,BAT,0.3,TBA
Shashwat Rawat,-,BAT,0.3,TBA
C Andre Siddarth,CSK,BAT,0.3,0.3
Avneesh Sudha,-,BAT,0.3,TBA
Apoorv Wankhade,-,BAT,0.3,TBA
Yudhvir Singh,RR,AR,0.3,0.35
Rishi Dhawan,-,AR,0.3,Unsold
Rajvardhan Hangargekar,LSG,AR,0.3,0.3
Tanush Kotian,-,AR,0.3,Unsold
Arshin Kulkarni,LSG,AR,0.3,0.3
Shams Mulani,-,AR,0.3,TBA
Shivam Singh,-,AR,0.3,Unsold
Lalit Yadav,-,AR,0.3,TBA
Mohammed Azharuddeen,-,BAT,0.3,TBA
LR Chethan,-,BAT,0.3,Unsold
Aryaman Singh,-,BAT,0.3,TBA
Urvil Patel,-,BAT,0.3,TBA
Sanskar Rawat,-,BAT,0.3,TBA
Bipin Saurabh,-,BAT,0.3,TBA
Tanay Thyagarajan,-,BAT,0.3,TBA
Money Grewal,-,BOWL,0.3,TBA
Ashwani Kumar,MI,BOWL,0.3,0.3
Ishan Porel,-,BOWL,0.3,TBA
Abhilash Shetty,-,BOWL,0.3,TBA
Akash Singh,LSG,BOWL,0.3,0.3
Gurjapneet Singh,CSK,BOWL,0.3,2.2
Basil Thampi,-,BOWL,0.3,TBA
Murugan Ashwin,-,BOWL,0.3,Unsold
Shreyas Chavan,-,BOWL,0.3,TBA
Chintal Gandhi,-,BOWL,0.3,TBA
Raghav Goyal,-,BOWL,0.3,Unsold
Jagadeesha Suchith,-,BOWL,0.3,TBA
Roshan Waghsare,-,BOWL,0.3,TBA
Bailapudi Yeswanth,-,BOWL,0.3,Unsold
Sediqullah Atal,-,BAT,0.75,TBA
Matthew Breetzke,LSG,BAT,0.75,0.75
Mark Chapman,-,BAT,1.5,TBA
Brandon King,-,BAT,0.75,Unsold
Evin Lewis,-,BAT,2,TBA
Pathum Nissanka,-,BAT,0.75,Unsold
Bhanuka Rajapaksa,-,BAT,0.75,TBA
Steven Smith,-,BAT,2,Unsold
Gus Atkinson,-,AR,2,Unsold
Tom Curran,-,AR,2,TBA
Krishnappa Gowtham,-,AR,1,TBA
Mohammad Nabi,-,AR,1.5,TBA
Gulbadin Naib,-,AR,1,TBA
Sikandar Raza,-,AR,1.25,Unsold
Mitchell Santner,MI,AR,2,2
Jayant Yadav,GT,AR,0.75,0.75
Johnson Charles,-,BAT,0.75,TBA
Litton Das,-,BAT,0.75,TBA
Andre Fletcher,-,BAT,0.75,TBA
Tom Latham,-,BAT,1.5,Unsold
Ollie Pope,-,BAT,0.75,TBA
Kyle Verreynne,-,BAT,0.75,TBA
Fazalhaq Farooqi,RR,BOWL,2,2
Richard Gleeson,-,BOWL,0.75,Unsold
Matt Henry,-,BOWL,2,TBA
Alzarri Joseph,-,BOWL,2,Unsold
Kwena Maphaka,RR,BOWL,0.75,1.5
Kuldeep Sen,PBKS,BOWL,0.75,0.8
Reece Topley,MI,BOWL,0.75,0.75
Lizaad Williams,MI,BOWL,0.75,0.75
Luke Wood,-,BOWL,0.75,Unsold
Sachin Dhas,-,BAT,0.3,Unsold
Leus du Plooy,-,BAT,0.5,Unsold
Ashwin Hebbar,-,BAT,0.3,TBA
Rohan  Kunnummal,-,BAT,0.3,TBA
Ayush Pandey,-,BAT,0.3,TBA
Akshat Raghuwanshi,-,BAT,0.3,TBA
Shoun Roger,-,BAT,0.4,TBA
Virat Singh,-,BAT,0.3,TBA
Priyansh Arya,PBKS,AR,0.3,3.8
Manoj Bhandage,RCB,AR,0.3,0.3
Praveen Dubey,PBKS,AR,0.3,0.3
Ajay Mandal,DC,AR,0.3,0.3
Prerak Mankad,-,AR,0.3,TBA
Vipraj Nigam,DC,AR,0.3,0.5
Vicky Ostwal,-,AR,0.3,TBA
Shivalik Sharma,-,AR,0.3,Unsold
Salil Arora,-,BAT,0.3,TBA
Dinesh Bana,-,BAT,0.3,TBA
Guruswamy Ajitesh,-,BAT,0.3,TBA
Narayan Jagadeesan,-,BAT,0.3,TBA
Krishnan Shrijith,MI,BAT,0.3,0.3
Michael Pepper,-,BAT,0.5,TBA
Vishnu Solanki,-,BAT,0.3,TBA
KM Asif,-,BOWL,0.3,TBA
Akhil Chaudhary,-,BOWL,0.3,TBA
Himanshu Chauhan,-,BOWL,0.3,TBA
Arpit Guleria,-,BOWL,0.3,Unsold
Saranu Nishanth,-,BOWL,0.3,TBA
Kuldip Yadav,-,BOWL,0.3,TBA
Prithvi Raj,-,BOWL,0.3,TBA
Shubham Agarwal,-,BOWL,0.3,TBA
Jasinder Singh,-,BOWL,0.3,TBA
Jasmer Dhankhar,-,BOWL,0.3,TBA
Pulkit Narang,-,BOWL,0.3,TBA
Saumy Pandey,-,BOWL,0.3,TBA
Mohit Rathee,RCB,BOWL,0.3,0.3
Himanshu Singh,-,BOWL,0.3,TBA
Towhid Hridoy,-,BAT,0.75,TBA
Mikyle Louis,-,BAT,0.75,TBA
Harry Tector,-,BAT,0.75,TBA
Rassie van der Dussen,-,BAT,2,TBA
Will Young,-,BAT,1.25,TBA
Najibullah Zadran,-,BAT,0.75,TBA
Ibrahim Zadran,-,BAT,0.75,TBA
Sean Abbott,-,AR,2,TBA
Jacob Bethell,RCB,AR,1.25,2.6
Brydon Carse,SRH,AR,1,1
Aaron Hardie,PBKS,AR,1.25,1.25
Sarfaraz Khan,-,AR,0.75,Unsold
Kyle Mayers,-,AR,1.5,Unsold
Kamindu Mendis,SRH,AR,0.75,0.75
Matthew Short,-,AR,0.75,Unsold
Jason Behrendorff,-,BOWL,1.5,Unsold
Dushmantha Chameera,DC,BOWL,0.75,0.75
Nathan Ellis,CSK,BOWL,1.25,2
Shamar Joseph,LSG,BOWL,0.75,0.75
Josh Little,-,BOWL,0.75,TBA
Shivam Mavi,-,BOWL,0.75,Unsold
Jhye Richardson,-,BOWL,1.5,TBA
Navdeep Saini,-,BOWL,0.75,Unsold
Tanmay Agarwal,-,BAT,0.3,TBA
Amandeep Khare,-,BAT,0.3,TBA
Ayush Mhatre,-,BAT,0.3,TBA
Salman Nizar,-,BAT,0.3,Unsold
Aniket Verma,SRH,BAT,0.3,0.3
Sumeet Verma,-,BAT,0.3,TBA
Manan Vohra,-,BAT,0.3,TBA
Samarth Vyas,-,BAT,0.3,TBA
Raj Bawa,MI,AR,0.3,0.3
Emanjot Singh Chahal,-,AR,0.3,Unsold
Musheer Khan,PBKS,AR,0.3,0.3
Manvanth Kumar,DC,AR,0.3,0.3
Mayank Rawat,-,AR,0.3,TBA
Suryansh Shedge,PBKS,AR,0.3,0.3
Hrithik Shokeen,-,AR,0.3,TBA
Sonu Yadav,-,AR,0.3,TBA
Rithik Easwaran,-,BAT,0.3,TBA
Anmol Malhotra,-,BAT,0.3,TBA
Pradosh Ranjan Paul,-,BAT,0.3,TBA
Karteek Sharma,-,BAT,0.3,TBA
Akash Singh,-,BAT,0.3,TBA
Tejasvi Singh,-,BAT,0.3,TBA
Siddarth Yadav,-,BAT,0.3,TBA
Saurabh Dubey,-,BOWL,0.3,TBA
Aaqib Khan,-,BOWL,0.3,TBA
Kulwant Khejroliya,GT,BOWL,0.3,0.3
Ankit Rajpoot,-,BOWL,0.3,TBA
Divesh Sharma,-,BOWL,0.3,Unsold
Naman Tiwari,-,BOWL,0.3,Unsold
Prince Yadav,LSG,BOWL,0.3,0.3
Kunal Singh Chibb,-,BOWL,0.3,TBA
Yuvraj Chudasama,-,BOWL,0.3,TBA
Deepak Devadiga,-,BOWL,0.3,TBA
Ramesh Prasad,-,BOWL,0.3,TBA
Shivam Shukla,-,BOWL,0.3,TBA
Himanshu Singh,-,BOWL,0.3,TBA
Tejpreet Singh,-,BOWL,0.3,TBA
Qais Ahmad,-,AR,0.75,TBA
Charith Asalanka,-,AR,0.75,TBA
Michael Bracewell,-,AR,1.5,Unsold
Gudakesh Motie,-,AR,0.75,TBA
Dan Mousley,-,AR,0.75,TBA
Jamie Overton,CSK,AR,1.5,1.5
Dunith Wellalage,-,AR,0.75,TBA
Ottneil Baartman,-,BOWL,0.75,Unsold
Xavier Bartlett,PBKS,BOWL,0.75,0.8
Dilshan Madushanka,-,BOWL,0.75,Unsold
Adam Milne,-,BOWL,2,Unsold
Lungi Ngidi,RCB,BOWL,1,1
William O’Rourke,-,BOWL,1.5,Unsold
Chetan Sakariya,-,BOWL,0.75,Unsold
Sandeep Warrier,-,BOWL,0.75,Unsold
Musaif Ajaz,-,BAT,0.3,TBA
Agni Chopra,-,BAT,0.3,TBA
Abhimanyu Easwaran,-,BAT,0.3,TBA
Sudip Kumar Gharami,-,BAT,0.3,TBA
Shubham Khajuria,-,BAT,0.3,TBA
Akhil Rawat,-,BAT,0.3,TBA
Prateek Yadav,-,BAT,0.3,TBA
Abdul Basith,-,AR,0.3,Unsold
KC Cariappa,-,AR,0.3,TBA
Yuvraj Chaudhary,LSG,AR,0.3,Unsold
Aman Khan,-,AR,0.3,TBA
Sumit Kumar,-,AR,0.3,TBA
Kamlesh Nagarkoti,CSK,AR,0.3,0.3
Hardik Raj,-,AR,0.3,TBA
Harsh Tyagi,-,AR,0.3,TBA
M Ajnas,-,BAT,0.3,TBA
Unmukt Chand,-,BAT,0.3,TBA
Tejasvi Dahiya,-,BAT,0.3,Unsold
Sumit Ghadigaonkar,-,BAT,0.3,TBA
Baba Indrajith,-,BAT,0.3,TBA
Muhammed Adnan Khan,-,BAT,0.3,TBA
Bhagmender Lather,-,BAT,0.3,TBA
Baltej Singh,-,BOWL,0.3,TBA
Ali Khan,-,BOWL,0.3,TBA
Ravi Kumar,-,BOWL,0.3,TBA
Vineet Panwar,-,BOWL,0.3,TBA
Vidyadhar Patil,-,BOWL,0.3,TBA
Aaradhya Shukla,-,BOWL,0.3,TBA
Abhinandan Singh,RCB,BOWL,0.3,0.3
Cooper Connolly,-,AR,0.75,TBA
Dushan Hemantha,-,AR,0.75,TBA
Jason Holder,-,AR,2,TBA
Karim Janat,GT,AR,0.75,0.75
James Neesham,-,AR,1.5,TBA
Daniel Sams,-,AR,1.5,TBA
Will Sutherland,-,AR,0.75,TBA
Taskin Ahmed,-,BOWL,1,TBA
Ben Dwarshuis,-,BOWL,0.75,TBA
Obed McCoy,-,BOWL,1.25,TBA
Riley Meredith,-,BOWL,1.5,TBA
Lance Morris,-,BOWL,1.25,Unsold
Olly Stone,-,BOWL,0.75,Unsold
Daniel Worrall,-,BOWL,1.5,TBA
Pyla Avinash,PBKS,BAT,0.3,0.3
Kiran Chormale,-,BAT,0.3,TBA
Ashish Dahariya,-,BAT,0.3,TBA
Tushar Raheja,-,BAT,0.3,TBA
Sarthak Ranjan,-,BAT,0.3,TBA
Abhijeet Tomar,-,BAT,0.3,TBA
Krish Bhagat,-,AR,0.3,TBA
Sohraab Dhaliwal,-,AR,0.3,TBA
Harsh Dubey,-,AR,0.3,TBA
Ramakrishna Ghosh,CSK,AR,0.3,0.3
Raj Limbani,-,AR,0.3,Unsold
Ninad Rathva,-,AR,0.3,TBA
Vivrant Sharma,-,AR,0.3,TBA
Shiva Singh,-,AR,0.3,Unsold
Sayed Irfan Aftab,-,BOWL,0.3,TBA
Anirudh Chowdhary,-,BOWL,0.3,Unsold
Siddarth Kaul,-,BOWL,0.4,TBA
Prashant Painkra,-,BOWL,0.3,TBA
Satyanarayana Raju,MI,BOWL,0.3,0.3
Yeddala Reddy,-,BOWL,0.3,TBA
Zakary Foulkes,-,AR,0.75,TBA
Chris Green,-,AR,1,TBA
Shakib Al Hasan,-,AR,1,TBA
Mehidy Hasan Miraz,-,AR,1,TBA
Wiaan Mulder,-,AR,0.75,TBA
Dwaine Pretorius,-,AR,0.75,Unsold
Dasun Shanaka,-,AR,0.75,TBA
Shoriful Islam,-,BOWL,0.75,TBA
Blessing Muzarabani,-,BOWL,0.75,Unsold
Matthew Potts,-,BOWL,1.5,TBA
Tanzim Hasan Sakib,-,BOWL,0.75,TBA
Ben Sears,-,BOWL,1,TBA
Tim Southee,-,BOWL,1.5,TBA
John Turner,-,BOWL,1.5,TBA
Joshua Brown,-,BAT,0.3,TBA
Oliver Davies,-,BAT,0.3,TBA
Bevon Jacobs,MI,BAT,0.3,0.3
Atharva Kale,-,BAT,0.3,TBA
Abhishek Nair,-,BAT,0.3,TBA
Vishwanath Singh,-,BAT,0.3,TBA
Lone Nasir,-,AR,0.3,TBA
Brandon McMullen,-,AR,0.3,Unsold
Sudhesan Midhun,-,AR,0.3,TBA
Abid Mushtaq,-,AR,0.3,TBA
Mahesh Pithiya,-,AR,0.3,TBA
Maramreddy Reddy,-,AR,0.3,TBA
Atit Sheth,-,AR,0.3,Unsold
Jonty Sidhu,-,AR,0.3,TBA
Mohit Avasthi,-,BOWL,0.3,TBA
Faridoon Dawoodzai,-,BOWL,0.3,TBA
Praful Hinge,-,BOWL,0.3,TBA
Pankaj Jaswal,-,BOWL,0.3,TBA
Vijay Kumar,-,BOWL,0.3,Unsold
Ashok Sharma,RR,BOWL,0.3,0.3
Mujtaba Yousuf,-,BOWL,0.3,TBA
Ashton Agar,-,AR,1.25,TBA
Roston Chase,-,AR,0.75,Unsold
Junior Dala,-,AR,0.75,TBA
Mahedi Hasan,-,AR,0.75,TBA
Nangeyalia Kharote,-,AR,0.75,TBA
Dan Lawrence,-,AR,1,TBA
Nathan Smith,-,AR,1,Unsold
James Anderson,-,BOWL,1.25,TBA
Kyle Jamieson,-,BOWL,1.5,Unsold
Chris Jordan,-,BOWL,2,Unsold
Hasan Mahmud,-,BOWL,0.75,TBA
Tymal Mills,-,BOWL,2,TBA
David Payne,-,BOWL,1,TBA
Nahid Rana,-,BOWL,0.75,TBA
Prayas Ray Barman,-,BAT,0.3,TBA
Jafar Jamal,-,BAT,0.3,TBA
Ayaz Khan,-,BAT,0.3,TBA
Kaushik Maity,-,BAT,0.3,TBA
Rituraj Sharma,-,BAT,0.3,TBA
Vaibhav Suryavanshi,RR,BAT,0.3,1.1
Kartik Chadha,-,AR,0.3,TBA
Writtick Chatterjee,-,AR,0.3,TBA
Prerit Dutta,-,AR,0.3,TBA
Rajneesh Gurbani,-,AR,0.3,TBA
Shubhang Hegde,-,AR,0.3,TBA
Saransh Jain,-,AR,0.3,TBA
Ripal Patel,-,AR,0.3,Unsold
Akash Vasisht,-,AR,0.3,TBA
Anirudh Kanwar,-,BOWL,0.3,TBA
Shubham Kapse,-,BOWL,0.3,TBA
Atif Mushtaq,-,BOWL,0.3,TBA
Dipesh Parwani,-,BOWL,0.3,TBA
Manish Reddy,-,BOWL,0.3,TBA
Chetan Sharma,-,BOWL,0.3,TBA
Avinash Singh,-,BOWL,0.3,Unsold
Alick Athanaze,-,AR,0.75,TBA
Hilton Cartwright,-,AR,0.75,TBA
Dominic Drakes,-,AR,1.25,TBA
Daryn Dupavillon,-,BOWL,0.75,TBA
Matthew Forde,-,AR,1.25,TBA
Patrick Kruger,-,AR,0.75,TBA
Lahiru Kumara,-,BOWL,0.75,TBA
Michael Neser,-,AR,0.75,TBA
Richard Ngarava,-,BOWL,0.75,TBA
Wayne Parnell,-,BOWL,1,TBA
Keemo Paul,-,AR,1.25,TBA
Odean Smith,-,AR,0.75,TBA
Andrew Tye,-,BOWL,0.75,TBA
Ajay Ahlawat,-,AR,0.4,TBA
Corbin Bosch,-,AR,0.3,TBA
Mayank Gusain,-,AR,0.3,TBA
Mukhtar Hussain,-,AR,0.3,TBA
Girinath Reddy,-,AR,0.3,TBA
Jalaj Saxena,-,AR,0.4,TBA
Yajas Sharma,-,AR,0.3,TBA
Sanjay Yadav,-,AR,0.3,Unsold
Vishal Godara,-,BOWL,0.3,TBA
Eshan Malinga,SRH,BOWL,0.3,1.2
Samarth Nagaraj,-,BOWL,0.3,TBA
Abhishek Saini,-,BOWL,0.3,TBA
Dumindu Sewmina,-,BOWL,0.3,TBA
Pradyuman Singh,-,BOWL,0.3,TBA
Vasu Vats,-,BOWL,0.3,TBA
Umang Kumar,-,AR,0.3,Unsold
Mohamed Ali,-,AR,0.3,TBA
Atharva Ankolekar,-,AR,0.3,TBA
Vaisakh Chandran,-,AR,0.3,TBA
Auqib Nabi,-,AR,0.3,TBA
Rohit Rayudu,-,AR,0.3,TBA
Uday Saharan,-,AR,0.3,TBA
Ayush Vartak,-,AR,0.3,TBA
Baba Aparajith,-,AR,0.3,TBA
Sumit Beniwal,-,AR,0.3,TBA
Nishunk Birla,-,AR,0.3,TBA
Digvijay Deshmukh,-,AR,0.3,Unsold
Lakshay Jain,-,AR,0.3,TBA
Duan Jansen,-,AR,0.3,TBA
Kritagya Singh,-,AR,0.3,TBA
P Vignesh,-,AR,0.3,TBA
Sabhay Chadha,-,AR,0.3,TBA
Benny Howell,-,AR,0.3,TBA
Hemanth Kumar,-,AR,0.3,TBA
Rohan Rana,-,AR,0.3,TBA
Bharat Sharma,-,AR,0.3,TBA
Pratham Singh,-,AR,0.3,TBA
Tripurana Vijay,DC,AR,0.3,0.3
Ravi Kumar Yadav,-,AR,0.3,TBA
Arjun Azad,-,AR,0.3,TBA
Abhay Choudhary,-,AR,0.3,TBA
Gaurav Gambhir,-,AR,0.3,TBA
Shubham Garhwal,-,AR,0.3,TBA
Tejasvi Jaiswal,-,AR,0.3,TBA
Sairaj Patil,-,AR,0.3,TBA
Madhav Tiwari,DC,AR,0.3,0.4
Kamal Tripathi,-,AR,0.3,TBA
Prashant Chauhan,-,AR,0.3,TBA
Yash Dabas,-,AR,0.3,Unsold
Dhruv Kaushik,-,AR,0.3,TBA
Khrievitso Kense,-,AR,0.3,Unsold
Akash Parkar,-,AR,0.3,TBA
Vignesh Puthur,MI,AR,0.3,0.3
Tripuresh Singh,-,AR,0.3,TBA
Vijay Yadav,-,AR,0.3,TBA
Jofra Archer,RR,BOWL,2,12.5
Saurabh Netravalkar,-,BOWL,0.3,TBA
Hardik Tamore,-,WK,0.3,TBA
Daryl Mitchell,-,AR,2,Unsold
